text,category
Researching a Ford Ranger for its midsize truck versatility and towing capability.,cars
electric guitar musical instrument,others
Interested in a two-bedroom house with a backyard.,property
Luxury cars offer unparalleled comfort and advanced features.,cars
Real estate agents can provide valuable insights into the local real estate market.,property
Looking for a car with a panoramic sunroof for a bright and airy interior.,cars
Looking for a house with a modern kitchen.,property
Contemplating a Mazda6 for its stylish design and responsive handling.,cars
Considering Audi TT for its distinctive design and all-wheel-drive traction.,cars
contemporary artwork photography,others
The tenement buildings housed several families in affordable apartments.,property
classical music vinyl records collection,others
Researching a Volkswagen Passat for its spacious rear seat and comfortable ride.,cars
Searching for a loft with an industrial chic vibe.,property
classical music vinyl box set,others
"Wine and cheese pairing: red wines, white wines, and aged cheeses.",others
Shanty: The shanty town had makeshift houses constructed from salvaged materials.,property
My neighbor drives a Nissan and swears by its durability.,cars
"Amazon Fire: The Amazon Fire tablet provides access to a vast library of books, movies, and apps, making it a popular choice for avid readers and media consumers.",others
Exploring options for customizable cars to add personal touches and unique features.,cars
Interested in a palatial home with a private theater.,property
Interested in Honda S2000 for its high-revving engine and legendary performance.,cars
Interested in Ford Fiesta for its compact size and fun-to-drive nature.,cars
budget laptop for photoshop,others
Plot: They bought a plot of land with dreams of building their dream house.,property
"iPhone photography tips: capturing portraits, landscapes, and low-light scenes.",others
iPad Pro vs. Galaxy Tab S7: tablet comparison for professionals and creatives.,others
Dwelling Place: The cottage by the lake was their favorite dwelling place for weekend getaways.,property
The wagon was packed with camping gear for their outdoor adventure.,cars
Exploring Volkswagen Passat for its spacious rear seat and comfortable ride.,cars
"The historic manor had been turned into a museum, preserving its grandeur.",property
Off-road vehicles are equipped to handle rough terrains and challenging landscapes.,cars
classic rock music CDs,others
PlayStation VR gaming headset,others
Searching for a compact pickup truck with towing capabilities for outdoor activities.,cars
Their temporary living quarters in the city were small but conveniently located.,property
Interested in a shelter with natural light and ventilation.,property
The suburban subdivision was designed with spacious houses and tree-lined streets.,property
DSLR camera with 4K video recording,others
"Bachelor Apartment: The bachelor apartment was compact yet stylish, perfect for a single occupant.",property
Contemplating a Nissan Sentra for its practicality and strong fuel economy.,cars
"The ancient castle on the hill was a popular tourist attraction, steeped in history.",property
The formidable fortress stood as a testament to ancient engineering and architecture.,property
I am in search of a property with multiple bedrooms and bathrooms.,property
The convertible coupe allowed them to enjoy the sunshine and fresh air.,cars
Interested in Volkswagen Golf for its practical hatchback design and fun-to-drive nature.,cars
Contemplating a Chevrolet Tahoe for its large SUV space and towing capacity.,cars
Interested in Ford GT for its exceptional speed and aerodynamic design.,cars
Exploring the features of a Volvo XC90 for its safety innovations and Scandinavian luxury.,cars
Loft: The loft in the industrial district was converted into trendy living spaces,property
jazz music albums vinyl,others
Looking for a car with adaptive cruise control and lane-keeping assistance for stress-free driving.,cars
The coupe utility was a versatile vehicle for both work and play.,cars
Considering Ford Explorer for its three-row seating and cargo space.,cars
gaming keyboard mechanical,others
wireless earbuds with long battery life,others
Beverage: A warm cup of tea is my go-to beverage when I want to relax and unwind after a long day.,others
Bluetooth speaker with waterproof feature,others
MacBook Air 2023 model,others
Considering Ford Focus for its sporty handling and body styles variety.,cars
Interested in lodgings with a farm nearby.,property
The quadricycle provided a fun and eco-friendly way to explore the city.,cars
Mazda is known for its stylish and sporty cars.,cars
Looking for a spacious apartment with ample storage space.,property
acoustic guitar beginner set,others
The warehouse was filled with various goods and chattels waiting to be shipped.,property
craft beer glass set,others
Debating on a Honda Fit for its compact size and surprisingly spacious interior.,cars
acoustic guitar tuner,others
Thinking about a Subaru WRX for its turbocharged engine and rally-inspired handling.,cars
thriller books by James Patterson,others
Immoveable property like land and buildings requires careful legal considerations.,property
Off-road vehicles are essential for adventurous souls exploring rugged terrains.,cars
adventure travel essentials,others
I am interested in searching for a Ford Mustang for its classic American muscle car appeal.,cars
Interested in quarters with laundry facilities.,property
Researching Toyota Corolla for its reliability and comfortable ride.,cars
Marie carefully packed her valuable possessions before moving to a new city.,property
Contemplating a Kia Sportage for its lengthy warranty and value for money.,cars
"Recipe: She followed the recipe carefully, combining the ingredients to create a mouthwatering dessert that everyone at the party enjoyed.",others
"Freehold: He inherited a freehold property from his grandparents, passed down through generations.",property
Interested in a freehold property with no restrictions.,property
Nintendo Switch OLED vs. Nintendo Switch Lite: handheld console options.,others
PlayStation 5 games pre-order,others
Owning a freehold property provides full ownership rights and control over the land.,property
Pondering on a Jeep Compass for its compact SUV practicality and Jeep heritage.,cars
Considering a Toyota Prius for its hybrid efficiency and eco-friendly nature.,cars
Considering Mercedes-Benz Sprinter for its high roof options and customizable interior.,cars
Possession: Owning a home has always been her lifelong dream and ultimate possession.,property
Pondering on a Toyota RAV4 for its all-wheel drive capability and robust safety features.,cars
Exploring e-commerce platforms for certified pre-owned cars with warranty coverage.,cars
Searching for a bathroom with high-end fixtures and fittings.,property
Interested in a tenement with historical charm.,property
Want a budget-friendly compact car with good mileage for daily commuting.,cars
The lush forest served as a natural habitat for a diverse range of wildlife.,property
The secluded cabin in the woods provided a peaceful retreat from the city.,property
Interested in a palatial home with a private theater.,property
Holdings: His business holdings included shares in multiple companies.,property
Thai cuisine recipes spicy,others
Contemplating a Hyundai Veloster for its unique three-door layout and sporty performance.,cars
Thai cuisine tom yum recipes,others
The family car was packed with luggage for the long road trip ahead.,cars
wireless gaming headset Xbox,others
craft beer IPA selection,others
Debating on a Nissan Altima for its comfortable ride and user-friendly infotainment.,cars
The spacious loft in the industrial district served as both a home and an art studio.,property
contemporary artwork prints,others
The scent of new leather filled the interior of the brand-new SUV.,cars
"The convertible top of the car retracted, letting in the warm sunlight.",cars
Cabin: The log cabin in the woods was a serene retreat from the bustling city life.,property
"Exploring health and wellness products: vitamins, supplements, and fitness equipment.",others
He owned a plot of land in the countryside where he planned to build his dream house.,property
The cozy homestead nestled in the hills was a haven for nature lovers.,property
DSLR camera with kit lens,others
Exploring Tesla Model X for its electric powertrain and unique Falcon Wing doors.,cars
Looking for a car with a user-friendly infotainment system and touchscreen interface.,cars
travel backpack with USB port,others
Searching for a room in a shared house.,property
Considering a Toyota Prius for its hybrid efficiency and eco-friendly credentials.,cars
Interested in a vicinity with excellent schools.,property
Pondering on a Chevrolet Trax for its city-friendly dimensions and affordable price.,cars
Latest phone models comparison: iPhone 14 vs. Samsung Galaxy S22.,others
Landholding: The large landholding was divided among the heirs after the patriarch's passing.,property
Contemplating a Jeep Grand Cherokee for its blend of off-road capability and luxury features.,cars
gaming mouse with customizable buttons,others
Superminis are compact cars that are easy to maneuver in tight spaces.,cars
"Tablet: She used her tablet to read e-books, watch movies, and stay connected with friends and family while on the go.",others
"Race cars zoomed past, leaving behind a trail of excitement.",cars
Looking for realty properties with a landholding option.,property
Thinking about a Kia Soul for its distinctive boxy design and practicality.,cars
Interested in electric cars with long battery range and fast-charging capabilities.,cars
I need a chateau with a grand entrance and antique furnishings.,property
"Car safety features, such as airbags and ABS, are crucial for driver and passenger protection.",cars
adventure travel backpack,others
laptop with numeric keypad,others
"Fixer-Upper: They purchased a fixer-upper, planning to renovate it into their dream home.",property
BMW is known for its luxurious and high-performance vehicles.,cars
Interested in Honda HR-V for its versatile Magic Seat and fuel efficiency.,cars
Belongings: She carefully packed her belongings before moving to a new city.,property
Searching for an abode with a view of the ocean.,property
Interested in a high-performance coupe with a turbocharged engine.,cars
Homestead: The homestead had a flourishing garden and a cozy farmhouse.,property
Pondering on a Mercedes-Benz GLC for its elegant design and advanced technology.,cars
I need a dwelling place near public transportation.,property
LG OLED TV vs. Sony OLED TV: premium TV comparison for home entertainment.,others
"Oppo: Oppo devices are lauded for their impressive camera capabilities and sleek, stylish designs, appealing to photography enthusiasts.",others
"The cozy room had a fireplace, giving it a warm and inviting atmosphere.",property
"HP: HP offers a diverse range of laptops, from budget-friendly options to high-performance devices, catering to various user needs.",others
Exploring Nissan 370Z for its powerful V6 engine and classic sports car appeal.,cars
Exploring Chevrolet Corvette for its powerful V8 engine and iconic status.,cars
"The historic inn had been serving travelers for generations, offering a glimpse into the past.",property
I need a chateau with a grand entrance and antique furnishings.,property
antique collectibles furniture,others
Compact cars are ideal for city dwellers with limited parking space.,cars
MacBook: The MacBook's lightweight design and long battery life make it a popular choice for professionals and students alike.,others
laptop with SSD and dedicated graphics,others
Families love the practicality of a spacious minivan.,cars
Palatial Home: The palatial home boasted of marble floors and intricate chandeliers.,property
Researching Ram 2500 for its powerful diesel engine and towing prowess.,cars
I need living quarters with a spacious balcony.,property
He drove a sleek roadster that hugged the curves of the road.,cars
"Exploring job opportunities in the healthcare industry: nursing, medical research, and administration.",others
"Mac: Mac computers are praised for their sleek design, stable operating system, and seamless integration with other Apple devices.",others
"Hiking excursions: mountain trails, waterfall hikes, and national park adventures.",others
I need an inhabited space with potential for renovation.,property
Real Property: Real property includes land and anything permanently attached to it.,property
"PC: With a high-performance PC, he could run complex simulations and work on graphic-intensive projects with ease.",others
best budget phone under $300,others
yoga sports leggings,others
Need a car with a spacious trunk and foldable rear seats for carrying sports equipment.,cars
Photon vehicles represent the future of emission-free transportation.,cars
"Exploring art museums: Renaissance paintings, modern sculptures, and contemporary installations.",others
Researching a Mercedes-Benz S-Class for its opulent interior and cutting-edge tech.,cars
Looking for a spacious crossover SUV with comfortable seating for long journeys.,cars
The Jeep Wrangler is perfect for off-road adventures.,cars
budget laptop for programming,others
Electric vehicles are paving the way for a greener future.,cars
Vintage car collectors invest significant time and effort in restoring old automobiles.,cars
Considering Ford Shelby GT500 for its extreme horsepower and aggressive looks.,cars
The car's sunroof allowed fresh air and sunlight to filter into the cabin.,cars
Nintendo Switch OLED edition,others
Farm: The family moved to the countryside to start their own organic farm.,property
Interested in a Jeep Cherokee for its off-road features and comfortable ride.,cars
The movers helped carry the family's numerous belongings into the new house.,property
piano keyboard for beginners,others
"The truck roared down the highway, carrying heavy cargo.",cars
Luxury vehicles redefine the standards of elegance and comfort.,cars
I need a townhouse with a private backyard.,property
Car aficionados appreciate the beauty of classic muscle cars.,cars
fitness tracker with GPS,others
Nokia smartphones with Zeiss optics for high-quality camera performance.,others
Interested in a room in a shared house with friendly roommates.,property
gaming keyboard with RGB lighting,others
classic rock music vinyl records,others
Mexican cuisine fajitas recipes,others
Looking for a timeshare property for vacationing.,property
The luxurious villa on the hilltop is surrounded by lush gardens and a stunning view.,property
"Lenovo: Lenovo laptops are celebrated for their innovative features, such as 360-degree hinges and stylus support, enhancing user experience.",others
Looking for a fixer-upper with historical significance.,property
Nintendo Switch games sale,others
Debating on a Hyundai Elantra for its affordable price and long list of features.,cars
Four-wheel drive vehicles provide superior traction on challenging terrains.,cars
Italian cuisine pizza recipes,others
Shelter: The makeshift shelter provided refuge for the stranded hikers during the storm.,property
Pondering on a Nissan Maxima for its powerful V6 engine and comfortable seats.,cars
Pondering on a Nissan Titan for its bold exterior design and capable towing.,cars
Looking for a car with smartphone integration and voice-activated controls.,cars
Health: Taking care of your mental and physical health is crucial for leading a fulfilling and balanced life.,others
Italian cuisine tiramisu recipes,others
hiking backpack with hydration,others
Bluetooth earbuds with mic,others
ob opportunities in tech industry,others
sushi restaurant near me,others
"Flat: They lived in a cozy flat in the heart of the city, close to all amenities.",property
Vintage automobiles are a testament to timeless design and craftsmanship.,cars
Considering Hyundai Tucson for its compact SUV versatility and affordability.,cars
Looking for a domicile with a spacious backyard for gardening.,property
sci-fi books bestsellers,others
Thinking about a Jeep Cherokee for its off-road prowess and comfortable ride.,cars
Farmers rely on sturdy pickup trucks for their agricultural needs.,cars
The leasehold agreement allowed them to rent the apartment for several years.,property
The spacious estate car was perfect for their road trip.,cars
"Sightseeing: Sightseeing in a new city allows you to marvel at historical landmarks, architectural wonders, and cultural treasures.",others
Oppo smartphones vs. OnePlus smartphones: flagship phone comparison.,others
diamond jewelry earrings,others
Considering a Chevrolet Silverado for its robust performance and towing capabilities.,cars
Italian cuisine lasagna recipes,others
Nokia smartphones with advanced camera features and long-lasting batteries.,others
Considering Honda Ridgeline for its innovative bed features and comfortable ride.,cars
hiking backpack with rain cover,others
The historical dwelling had been beautifully restored and turned into a museum.,property
Thinking about a Volkswagen Jetta for its upscale interior and smooth ride.,cars
The cozy place had a rustic charm that made guests feel at home.,property
Dessert: Indulging in a decadent dessert is the perfect way to treat yourself and satisfy your sweet cravings.,others
Vintage car rallies bring together car enthusiasts for a nostalgic journey.,cars
SUVs are popular among families due to their spacious interiors.,cars
gaming PC with AMD Ryzen 7,others
"Top-rated laptops for students: lightweight, high performance, and long battery life.",others
"Lenovo Tab: Lenovo Tab devices are known for their reliability and affordability, making them suitable options for everyday use.",others
PlayStation 4 gaming console,others
The auto industry is a hub of creativity and engineering marvels.,cars
The sleek sports car zoomed down the winding road.,cars
I need digs with a modern design and high-end finishes.,property
Dell gaming laptop G15,others
Seeking a job in the tech industry with a focus on mobile app development.,others
Compact SUVs are gaining popularity for their versatility and style.,cars
"Culinary adventure in Europe: French cuisine, Italian pasta, and Spanish tapas.",others
noise-canceling headphones for studying,others
Debating on a Porsche 911 for its iconic silhouette and thrilling driving experience.,cars
Looking for a cabin in the mountains for a weekend getaway.,property
PlayStation 4 games sale,others
Looking for a manor house with a lush garden.,property
Contemplating a Subaru BRZ for its lightweight design and rear-wheel drive excitement.,cars
Indian cuisine chicken curry,others
Considering a Toyota Tundra for its robust V8 engine and impressive payload capacity.,cars
A leaky roof in the old house needed immediate repairs before the rainy season.,property
They decided to renovate the old house and turn it into a comfortable fixer-upper.,property
"Travel: Traveling to new destinations opens your mind to diverse cultures, languages, and traditions, enriching your perspective on the world.",others
I need a hovel with basic amenities for a camping trip.,property
Researching a Kia Stinger for its powerful engine and sporty performance.,cars
Domicile: The legal documents confirmed the change of domicile for tax purposes.,property
Considering Ford Bronco for its rugged design and off-road capabilities.,cars
Debating on a Toyota Corolla for its reliability and comfortable ride.,cars
"His bachelor apartment was minimalist, reflecting his simple lifestyle.",property
Interested in a luxury sedan with premium leather interior and advanced infotainment.,cars
Interested in an address in a prestigious neighborhood.,property
Researching Audi Q7 for its luxurious cabin and strong performance.,cars
Interested in Mazda3 for its stylish design and driving dynamics.,cars
sushi rolling mat and chopsticks,others
HP Pavilion series: budget laptops for everyday tasks and multimedia.,others
Looking for a villa with a swimming pool and a beautiful view.,property
Collectors appreciate the timeless beauty of a vintage car.,cars
"Exploring health and wellness gadgets: fitness trackers, smart scales, and meditation apps.",others
diamond jewelry necklace,others
"Tenement: The tenement building housed multiple families in small, individual apartments.",property
"Bestselling book series: fantasy, mystery, and historical fiction genres.",others
The close-knit neighborhood fostered a sense of community among its residents.,property
"Phone: My phone rang just as I was about to leave, and it turned out to be an important call I had been waiting for.",others
Exploring electric SUV options for a combination of space and eco-friendly performance.,cars
gaming PC with AMD Ryzen 9,others
"Laptop: Her laptop was her constant companion, allowing her to work on projects, connect with friends, and explore the vast world of the internet.",others
Considering Chevrolet Trax for its city-friendly dimensions and affordable price.,cars
Debating on a GMC Acadia for its spacious interior and family-friendly features.,cars
The engine had six powerful cylinders for maximum performance.,cars
"Apple Watch: The Apple Watch tracks your activity, monitors your health, and keeps you connected, making it a valuable companion for your daily routine.",others
I need accommodation with central heating and air conditioning.,property
Interested in a rugged 4x4 SUV for adventurous off-road excursions.,cars
Acer Aspire budget laptop,others
Pondering on a Ram 1500 for its powerful engine and towing capabilities.,cars
diamond jewelry ring,others
Debating on a BMW 3 Series for its luxurious interior and sporty performance.,cars
PlayStation 5 gaming console,others
"Destination: Their dream destination was a picturesque island with pristine beaches, lush jungles, and vibrant coral reefs waiting to be explored.",others
Indian cuisine vegetarian recipes,others
Formula 1 racing cars reach incredible speeds on the racetrack.,cars
Debating on a Honda CR-V for its reliability and comfortable interior.,cars
"Despite its age, the jalopy chugged along, refusing to give up.",cars
Italian cuisine pasta recipes,others
Exploring OnePlus phone models: OnePlus 9 Pro vs. OnePlus 9R comparison.,others
I need a home with a spacious living area.,property
Interested in a manor with vintage architecture.,property
The old house on the corner of the street has a charming vintage appeal.,property
Wheels are essential components of any functional vehicle.,cars
Nikon DSLR camera with lens kit,others
Board game: Playing a board game with friends and family is a great way to bond and create lasting memories together.,others
I need a place to keep my possessions and belongings.,property
Interested in Chevrolet Malibu for its spacious cabin and smooth ride.,cars
Apartment: Sarah lives in a spacious apartment overlooking the city skyline.,property
Looking for a cabin in the mountains for a weekend getaway.,property
Pondering on a Tesla Model S for its electric acceleration and autopilot capabilities.,cars
Microsoft Surface Pro 8,others
Pondering on a Nissan Rogue for its family-friendly features and good fuel economy.,cars
thriller books bestsellers,others
Tenure: The tenure of their lease agreement was set for five years.,property
PlayStation 5 games discounts,others
thriller books series,others
Interested in a Jeep Wrangler for its off-road capabilities and rugged design.,cars
Exploring Ford Ranger for its midsize truck versatility and towing capability.,cars
"Habitat: The rainforest is a diverse habitat, teeming with unique plant and animal species.",property
board games for strategy,others
Can you recommend a good car dealership in town,cars
Thinking about a Honda Civic for its practicality and excellent resale value.,cars
iPad: The iPad's large screen and powerful performance make it a versatile device for both work and entertainment purposes.,others
Considering a Volvo XC60 for its elegant interior and advanced safety features.,cars
sushi rice and nori,others
His new machine had the latest technology and unmatched performance.,cars
Living Space: The open floor plan created a spacious and airy living space.,property
Considering a Toyota Land Cruiser for its legendary off-road capability and reliability.,cars
Interested in a compact car with a fuel-efficient engine and low emissions.,cars
Exploring Mercedes-Benz E-Class for its sophisticated interior and advanced technology.,cars
Researching a Ford F-150 for its best-selling status and wide range of configurations.,cars
Exploring GMC Canyon for its comfortable interior and trims variety.,cars
Researching a Porsche Cayman for its mid-engine layout and precise handling.,cars
sci-fi movies 2023,others
LG OLED TV for immersive movie nights and gaming experiences.,others
Leasehold: They decided to invest in a leasehold property rather than buying outright.,property
She drives a sleek Mercedes that turns heads on the road.,cars
The charming vicinity around the square was dotted with cafes and boutique shops.,property
"Roof: With a leaky roof and drafty windows, the old house needed extensive repairs.",property
Motorola budget phones: reliable performance and long battery life.,others
laptop with SSD and HDD,others
Thinking about a Honda HR-V for its versatile Magic Seat and fuel efficiency.,cars
diamond jewelry bracelet,others
Interested in Chevrolet Colorado for its off-road variants and diesel engine option.,cars
Manor: The historic manor was surrounded by lush greenery and elegant gardens.,property
Muscle cars are known for their powerful engines and aggressive designs.,cars
Looking for a residential area with a strong sense of community.,property
Interested in a manor with vintage architecture.,property
"Exploring diverse cuisines: Italian food, Mexican delicacies, and Thai recipes.",others
Contemplating a Ford Bronco for its rugged design and off-road capabilities.,cars
Interested in a BMW 5 Series for its executive styling and advanced features.,cars
The medieval turret was once used as a lookout point for approaching enemies.,property
Garmin smartwatches with GPS and sports tracking features for athletes.,others
"The peaceful residential area was perfect for raising a family, with schools and parks nearby.",property
"Laptop accessories: laptop bags, cooling pads, and ergonomic keyboards.",others
wireless earbuds for gym,others
Considering Hyundai Veloster for its unique three-door layout and sporty performance.,cars
Sports cars are designed for speed and exhilarating driving experiences.,cars
"iPhone: The new iPhone model boasted impressive features, from its advanced camera capabilities to its lightning-fast processor.",others
"Musical instrument: Learning to play a musical instrument requires dedication and practice, but the joy of creating beautiful melodies is unparalleled.",others
Searching for a tenement with historical charm.,property
Motorola budget phones vs. Xiaomi budget phones: affordable smartphone options.,others
"Luxury jewelry pieces: diamond necklaces, sapphire rings, and gold bracelets.",others
Xiaomi tablets vs. Lenovo tablets: budget-friendly tablet options.,others
Pondering on a Toyota 86 for its agile handling and affordable price.,cars
Researching Dodge Challenger for its iconic design and high horsepower options.,cars
The engine roared to life as the race car sped off the starting line.,cars
The roadster pickup combined style with practicality for farmers.,cars
The luxurious penthouse offered panoramic views of the city and the sea.,property
The automobile industry is constantly evolving with new innovations.,cars
travel destinations in Europe,others
craft beer stout selection,others
mystery board games for kids,others
"Google Pixel phone features: Google Lens, Night Sight, and Portrait Mode.",others
Researching Volvo XC60 for its elegant design and advanced safety technology.,cars
gaming PC with NVIDIA RTX 3070,others
rare comic book series,others
Searching for a reliable sedan with excellent fuel efficiency and modern features.,cars
The sprawling farm produced a variety of crops and livestock.,property
Exploring Honda Fit for its spacious interior and fuel efficiency.,cars
Thai cuisine pad thai recipes,others
The impoverished family lived in a makeshift hut on the outskirts of the village.,property
Muscle cars are known for their powerful engines and aggressive looks.,cars
"Jewellery: The antique shop displayed a wide array of beautiful jewelry, each piece telling a story from the past.",others
Researching a Dodge Challenger for its muscle car heritage and high horsepower.,cars
"Adventure travel destinations: safaris, trekking in the Himalayas, and diving in the Great Barrier Reef.",others
Housing: Accessible and affordable housing is a fundamental right for everyone.,property
"The car's engine purred softly, indicating its optimal performance.",cars
The temporary habitation provided shelter for the refugees during the crisis.,property
"Samsung: Samsung smartphones are renowned for their sleek design, vibrant displays, and cutting-edge technology.",others
The locale of the new office was convenient for both employees and clients.,property
Xiaomi Mi Watch Lite,others
"Estate: The vast estate was a mix of forests, farmland, and a grand mansion.",property
Debating on a Chevrolet Camaro for its muscle car heritage and high-performance variants.,cars
"Xiaomi Mi Watch: The Xiaomi Mi Watch offers a comprehensive suite of health and fitness features at an affordable price, making it accessible to a wide audience.",others
Considering a Kia Telluride for its three-row seating and family-friendly features.,cars
recipe for chocolate cake,others
Interested in a 4-door sedan with spacious rear seats for passengers.,cars
Considering a Ford Mustang for its iconic design and powerful engine.,cars
Looking for a powerful muscle car with a roaring engine and iconic design.,cars
"Exploring wine regions: Napa Valley, Bordeaux, and Tuscany vineyard tours.",others
"Mastering new recipes: baking, grilling, and gourmet cooking techniques.",others
"Homestead: The homestead was a self-sufficient farm, providing food and shelter for the family.",property
Researching a Chevrolet Blazer for its bold styling and ample cargo space.,cars
Microsoft Surface Laptop vs. MacBook Pro: premium laptop comparison.,others
Interested in a Kia Telluride for its spacious three-row seating and family-friendly features.,cars
Jazz music albums collection featuring classic and contemporary artists.,others
Supercars are the epitome of automotive engineering and speed.,cars
The cozy flat in the bustling city was perfect for a young professional.,property
The family decided to move to a spacious townhouse in a quiet suburban neighborhood.,property
Mexican cuisine salsa recipes,others
Xbox Series X bundle deals,others
The spacious abode was perfect for hosting large gatherings and parties.,property
Racing enthusiasts gather at the track to witness high-speed car competitions.,cars
Thinking about a Volkswagen Golf for its practical hatchback design and fun-to-drive nature.,cars
PlayStation 5 games sale,others
The medieval palace was adorned with intricate carvings and colorful frescoes.,property
"Car racing requires skill, precision, and nerves of steel from the drivers.",cars
Interested in an Audi A4 for its upscale interior and smooth performance.,cars
Contemplating a Toyota Camry for its reputation of reliability and fuel efficiency.,cars
electric piano keyboard with weighted keys,others
modern artwork for living room,others
Capturing memories with a high-quality digital camera: DSLR vs. mirrorless options.,others
Interested in a car with advanced parking assistance features for easy parallel parking.,cars
Full-size cars offer ample space for passengers and cargo.,cars
The community center hosted various events and activities for local residents.,property
"Sports: Playing sports not only keeps you physically fit but also teaches valuable life lessons about teamwork, discipline, and perseverance.",others
"Planning a travel itinerary for Europe: sightseeing, adventure, and cultural experiences.",others
yoga sports leggings with pockets,others
strategy board games for adults,others
Hatchbacks are known for their compact size and practicality.,cars
Looking for a sleek sports car with high performance and advanced technology.,cars
Looking for quarters in a safe and secure neighborhood.,property
Exploring Porsche Cayman for its mid-engine layout and precise handling.,cars
Considering a Honda Accord for its comfortable seats and strong reliability.,cars
Managing one's assets wisely is essential for long-term financial stability.,property
Amazon Fire tablet for e-book reading and streaming movies and TV shows.,others
"Xiaomi: Xiaomi's smartphones deliver excellent value for money, offering high-end features at affordable prices for budget-conscious consumers.",others
MacBook Air vs. Dell XPS 13: laptop comparison for portability and performance.,others
Searching for a convertible to enjoy the thrill of open-air driving on weekends.,cars
Considering Dodge Viper for its raw power and aggressive styling.,cars
"The imposing citadel overlooked the city, guarding it against potential threats.",property
Apple Watch Series 7 vs. Samsung Galaxy Watch 4: smartwatch comparison.,others
I need a co-op unit with shared amenities.,property
Pondering on a Chevrolet Colorado for its off-road variants and efficient diesel engine.,cars
gaming mouse wireless,others
Book: Reading a good book can transport you to different worlds and expand your imagination in ways you never thought possible.,others
Car commercials showcase the latest features and innovations in the automotive world.,cars
Debating on a Chevrolet Corvette for its powerful V8 engine and iconic status.,cars
"Learning to play musical instruments: saxophone, trumpet, and cello lessons.",others
gaming keyboard and mouse combo,others
vegan dessert recipes,others
"Exploring world cuisines: Indian curries, Japanese sushi, and Middle Eastern dishes.",others
"Taxis lined the streets, ready to whisk passengers away to their destinations.",cars
Exploring the features of a Chevrolet Silverado for its robust towing capacity.,cars
Considering a Subaru Impreza for its standard all-wheel drive and good fuel economy.,cars
Chinese cuisine recipes,others
Researching a Honda Civic for its practicality and excellent resale value.,cars
She enjoyed the wind in her hair as she drove her convertible.,cars
adventure travel gear,others
"The bustling district was filled with shops, restaurants, and cultural attractions.",property
Audi cars are renowned for their cutting-edge technology and elegant design.,cars
The vintage automobile show showcased a stunning collection of rare cars.,cars
Searching for accommodation with pet-friendly policies.,property
"The car's suspension system absorbed the impact of potholes, ensuring a smooth ride.",cars
Italian cuisine pasta sauce recipes,others
Need a midsize sedan with a powerful engine for spirited driving experiences.,cars
Movie: Watching a movie on the big screen with friends is one of my favorite ways to unwind after a busy week.,others
"MSI: MSI gaming laptops are equipped with powerful graphics cards and processors, providing an excellent gaming experience for enthusiasts.",others
Automotive enthusiasts appreciate the beauty of a well-crafted motorcar.,cars
rare collectibles coins,others
Interested in a neighborhood with diverse cultural influences.,property
"Craft beer tasting notes: IPA, stout, and sour beer varieties.",others
"Huawei: Huawei's smartphones combine elegant design with powerful performance, making them a popular choice among tech enthusiasts.",others
"Gaming computer peripherals: mechanical keyboards, gaming mice, and RGB lighting.",others
Thinking about a Ford GT for its exceptional speed and aerodynamic design.,cars
The car's GPS guided the driver seamlessly through unfamiliar streets.,cars
Searching for a dwelling place with a homely atmosphere.,property
Interested in immovable property with scenic views.,property
digital camera with viewfinder,others
budget laptop for gaming,others
Looking for a reliable van with ample cargo space for business deliveries.,cars
"LG: LG electronics offer a wide range of products, from high-quality TVs to innovative home appliances, catering to various consumer needs.",others
hiking backpack lightweight,others
Looking for a residential unit with a leasehold agreement.,property
Dwelling: The cave served as a dwelling for early humans thousands of years ago.,property
Need a convertible sports car with a retractable hardtop for added security.,cars
Contemplating a Audi Q7 for its luxurious cabin and strong performance.,cars
"Sarah lives in a cozy apartment in the heart of the city, filled with unique decorations.",property
"Mastering dessert recipes: French pastries, gourmet ice cream, and elegant cakes.",others
classical music CDs collection,others
The new car boasts impressive horsepower under its hood.,cars
I need a bathroom with a bathtub and shower.,property
hiking backpack with compartments,others
Researching a Ford Escape for its practicality and variety of engine options.,cars
"Home: Home is where the heart is, filled with love, laughter, and cherished memories.",property
Debating on a Ford Explorer for its three-row seating and ample cargo space.,cars
Need a reliable 4x4 pickup truck for towing trailers and transporting heavy loads.,cars
Interested in a Ford Escape for its practicality and variety of engine options.,cars
Roadsters offer a thrilling and open-air driving experience.,cars
Villa: The villa nestled on the hillside boasted of exquisite architecture and a private pool.,property
Apple Watch Series 7,others
Thai cuisine green curry recipes,others
Interested in Jeep Renegade for its compact size and distinctive styling.,cars
Bluetooth earbuds for running,others
"Shack: Despite its humble appearance, the fishing shack provided warmth and shelter.",property
DSLR camera with flip screen,others
"The businessman's vast holdings included properties, stocks, and businesses.",property
budget laptop for students,others
mystery board games for teens,others
The grand manor house was surrounded by manicured gardens and ornate fountains.,property
House: The old house on the corner of the street was rumored to be haunted.,property
Contemplating a Ram 2500 for its powerful diesel engine and towing prowess.,cars
contemporary artwork sculptures,others
Looking for a piece of land for agricultural purposes.,property
Exploring vintage car listings for classic models with historical charm.,cars
diamond jewelry pendant,others
Exploring the options of a Audi A4 for its refined interior and smooth ride.,cars
action movies 2023,others
Garmin fitness tracker GPS,others
Looking for a luxury sports sedan with powerful acceleration and responsive handling.,cars
Looking for residential properties with energy-efficient features.,property
Korean cuisine bibimbap recipes,others
Mexican cuisine taco recipes,others
Pondering on a Chevrolet Equinox for its compact SUV practicality and good fuel economy.,cars
Searching for a condo with a fitness center.,property
Interested in a condo with modern amenities.,property
Parcel: The parcel contained a surprise gift from their distant relatives.,property
mystery board games for family,others
Car customization allows owners to personalize their vehicles according to their preferences.,cars
acoustic guitar capo,others
A car's suspension system ensures a smooth ride even on bumpy roads.,cars
Pad: His bachelor pad was filled with gaming consoles and movie posters.,property
wireless earbuds with noise isolation,others
abstract artwork canvas,others
Google Pixel phone camera review: low-light performance and AI enhancements.,others
Searching for a place with a comfortable pad.,property
I recently purchased a car for my daily commute.,cars
"Headphones: With noise-canceling headphones on, he immersed himself in his favorite music, blocking out the hustle and bustle of the city.",others
The roadside motel provided basic accommodations for weary travelers.,property
vintage jewelry earrings,others
Luxury sedans offer a smooth and comfortable ride for discerning drivers.,cars
"Habitation: The area showed signs of ancient habitation, with remnants of pottery and tools.",property
board games for couples,others
Considering Mazda6 for its stylish design and driving experience.,cars
Researching Subaru Forester for its excellent visibility and cargo space.,cars
Searching for a subdivision with well-maintained parks.,property
Searching for a shack near the beach.,property
Debating on a Honda Ridgeline for its innovative bed features and car-like ride.,cars
Interested in Hyundai Genesis for its luxurious interior and advanced technology.,cars
The small lodging was a modest place to stay during their backpacking trip.,property
Exploring Kia Optima for its comfortable ride and user-friendly infotainment.,cars
modern artwork canvas prints,others
The spacious accommodation had a fully equipped kitchen and a comfortable living room.,property
I need a housing option within my budget.,property
Looking for lodging with a fully equipped kitchen.,property
Searching for a palace with luxurious interiors.,property
Researching a BMW X5 for its sporty handling and high-quality interior.,cars
Searching for a car with a high safety score and collision avoidance technology.,cars
Bathroom: The bathroom was equipped with modern fixtures and a relaxing Jacuzzi tub.,property
gaming PC with NVIDIA RTX 3060,others
"Vintage collectibles fair showcasing rare coins, stamps, and antique toys.",others
Searching for a tenure in a residential area.,property
Interested in a roof over my head with a peaceful ambiance.,property
Chateau: The chateau in the French countryside was a symbol of sophistication and elegance.,property
"Collectibles: He cherished his collection of rare and valuable collectibles, each item holding sentimental value and memories from his travels.",others
mystery board games for adults,others
Contemplating a Hyundai Sonata for its affordable price and generous features.,cars
"Asus ZenPad: The Asus ZenPad tablet combines elegant design with robust performance, offering a premium Android tablet experience.",others
Interested in a roof over my head with a peaceful ambiance.,property
The farm had a majestic horse with incredible power.,cars
Google Pixel: The Google Pixel camera is highly praised for its exceptional low-light photography and AI-driven image processing.,others
PlayStation 5 vs. Xbox Series X: next-gen gaming console comparison.,others
Domiciliary Unit: The government provided domiciliary units for the homeless population.,property
"Beverage trends: craft beers, artisanal cocktails, and cold brew coffee.",others
"Interested in a luxury SUV with premium features and a smooth, quiet ride.",cars
Lenovo ThinkPad laptops: durable and reliable options for business professionals.,others
Interested in a house with a garden and a garage.,property
Custom-built gaming computer with high-end graphics card and liquid cooling.,others
"Vintage collectibles market: antique furniture, rare books, and art deco items.",others
Exploring Audi Q5 for its upscale interior and comfortable ride.,cars
adventure travel camera,others
Debating on a Hyundai Tucson for its compact SUV versatility and affordability.,cars
Pondering on a Tesla Model 3 for its electric efficiency and cutting-edge technology.,cars
Searching for an apartment with a convenient location.,property
"PlayStation: The PlayStation console provides immersive gaming experiences, offering a vast library of games for players of all genres and preferences.",others
Planning a weekend excursion to scenic countryside: nature trails and vineyard tours.,others
"Fitness journey: gym memberships, workout routines, and healthy meal plans.",others
The modern bathroom features sleek fixtures and a relaxing bathtub.,property
Thinking about a GMC Sierra for its versatile bed options and towing prowess.,cars
"Sports equipment and gear: running shoes, yoga mats, and cycling accessories.",others
The address on the invitation led them to a charming cottage by the river.,property
"Job: Finding a job in the competitive market can be challenging, but with perseverance, you can secure your dream position.",others
The inhabited space was transformed into a vibrant community center.,property
Acer Aspire series: affordable laptops with decent performance and battery life.,others
MSI gaming laptops: high-performance options for gamers and content creators.,others
Midsize cars strike a balance between space and fuel efficiency.,cars
PlayStation games discounts,others
wireless earbuds noise-canceling,others
Interested in real estate properties with good resale value.,property
Car enthusiasts admire the intricate details of classic car interiors.,cars
mystery novel bestsellers,others
Researching a Ford Transit for its cargo space and versatility as a commercial vehicle.,cars
"Bedroom: The bedroom was adorned with soft, pastel hues, creating a serene ambiance.",property
"Asus ZenPad series: versatile tablets for work, study, and entertainment.",others
DSLR camera with WiFi,others
Fuel-efficient cars help reduce our impact on the environment.,cars
Huawei smartwatch with health monitoring features and customizable watch faces.,others
"Acer: Acer laptops provide a balance between performance and affordability, making them suitable for students and casual users.",others
"Nintendo Switch: The Nintendo Switch console allows you to switch between handheld and TV mode, offering versatile gaming options for players of all ages.",others
Researching Nissan Sentra for its practicality and fuel efficiency.,cars
travel destination in Africa,others
craft beer IPA glassware,others
laptop deals under $600,others
Interested in Kia Soul for its boxy design and practicality.,cars
piano musical instrument,others
"Fitness and wellness retreats: yoga, meditation, and spa treatments.",others
gaming PC build components,others
noise-canceling headphones for sleeping,others
Interested in a motel for a short stay during my travels.,property
laptop with backlit keyboard,others
Exploring GMC Acadia for its spacious interior and family-friendly features.,cars
fitness tracker heart rate monitor,others
Co-op: The housing co-op allowed residents to collectively manage the property and make decisions.,property
The vast landholding had been in the family for generations.,property
He purchased a vast stretch of land near the lake to build his dream house.,property
craft beer pint glasses,others
Searching for a fortress with medieval architecture.,property
Place: The cozy little place had a welcoming atmosphere and friendly staff.,property
Exploring Kia Stinger for its powerful engine and sporty performance.,cars
"Convertible cars provide a thrilling driving experience, especially on sunny days.",cars
"Assets: His assets included real estate, stocks, and a diverse investment portfolio.",property
Interested in Nissan Rogue for its family-friendly features and fuel efficiency.,cars
The fertile acreage was ideal for cultivating a wide range of agricultural products.,property
I need lodging with easy access to schools and hospitals.,property
Contemplating a Dodge Viper for its raw power and aggressive styling.,cars
I need a guesthouse with comfortable rooms.,property
"Camera accessories: camera bags, tripods, and lens filters for photography enthusiasts.",others
Searching for a shack near the beach.,property
electric piano keyboard,others
travel destination in South America,others
The comfortable digs were a welcome change after months of traveling.,property
Bluetooth speaker with FM radio,others
Searching for an inn with a cozy atmosphere.,property
The timeshare arrangement allowed them to vacation in different locations each year.,property
Pondering on a Mazda3 for its stylish design and engaging driving dynamics.,cars
"Latest iPhone accessories: phone cases, screen protectors, and wireless chargers.",others
"After a long day, it's comforting to return to the warmth and familiarity of one's own home.",property
"Lodgings: The lodgings were comfortable, with modern amenities and friendly staff.",property
Pondering on a Mazda MX-5 Miata for its lightweight design and spirited handling.,cars
Acreage: The vast acreage was ideal for cultivating various crops and raising livestock.,property
gaming mouse pad large,others
The grand estate with its sprawling gardens and regal mansion was a sight to behold.,property
Researching Chevrolet Tahoe for its large SUV space and towing capacity.,cars
"Planning a culinary adventure in Asia: street food, local delicacies, and exotic fruits.",others
Land: They purchased a vast piece of land in the countryside to build their dream home.,property
Interested in a compact SUV with all-wheel drive for versatile driving conditions.,cars
"Bestselling books of the month: thriller, romance, and sci-fi genres.",others
"Samsung Galaxy Tab: The Samsung Galaxy Tab offers a portable and immersive multimedia experience, perfect for entertainment on the go.",others
The cozy hovel was their shelter during the harsh winter months.,property
Address: She memorized the address to the quaint bookstore in the old town.,property
Considering Nissan Maxima for its powerful engine and comfortable seats.,cars
Collectors cherish the beauty of a well-maintained classic car.,cars
He took pride in his extensive possession of rare art and antique furniture.,property
"HTC: HTC smartphones were celebrated for their innovative features and unique designs, capturing the attention of tech aficionados.",others
The scent of gasoline lingered in the air at the busy gas station.,cars
Looking into BMW 3 Series for its luxury features and sporty driving experience.,cars
"Guided sightseeing tours: historical landmarks, museums, and architectural wonders.",others
The car's dashboard displayed a variety of digital gauges and controls.,cars
rare vinyl records value,others
acoustic guitar strings set,others
Exploring Chevrolet Camaro for its muscle car heritage and performance variants.,cars
"OnePlus: OnePlus phones offer a premium Android experience, boasting top-of-the-line specifications and a smooth user interface.",others
Racing drivers undergo rigorous training to handle high-speed maneuvers on the track.,cars
board games for family night,others
The car's sleek silhouette made heads turn as it drove by.,cars
classical music vinyl records,others
classic rock music vinyl,others
Considering Lexus RX for its smooth ride and upscale features.,cars
travel backpack with laptop compartment,others
digital camera under $500,others
Toyota and Honda are popular choices for reliable and fuel-efficient vehicles.,cars
board games for kids learning,others
Looking for a hostel for budget-friendly accommodation.,property
Researching a Jaguar F-Type for its stylish exterior and thrilling performance.,cars
HP all-in-one printer scanner,others
Interested in a Ford F-150 for its best-selling status and various configurations.,cars
Interested in a castle with a rich history.,property
Contemplating a Mini Cooper for its compact size and distinctive style.,cars
Researching a Subaru Crosstrek for its raised ground clearance and all-wheel drive.,cars
"Wearable device: The wearable device tracked her daily steps, heart rate, and sleep patterns, helping her maintain a healthy lifestyle.",others
"Riding in the luxurious carriage, they explored the countryside.",cars
Looking for residential properties with energy-efficient features.,property
Considering a Subaru Forester for its excellent visibility and spacious cargo area.,cars
antique collectibles jewelry,others
Families appreciate the versatility of sports utility vehicles.,cars
"Fitbit: Fitbit devices are designed to help you stay active and improve your fitness levels, providing insights into your physical activity and sleep patterns.",others
thriller movies to watch,others
Exploring Mercedes-Benz S-Class for its opulent interior and cutting-edge technology.,cars
Looking for a domicile with a view of the city.,property
Thinking about a Kia Optima for its comfortable ride and user-friendly infotainment.,cars
"Artwork: The gallery displayed an impressive artwork collection, featuring paintings, sculptures, and mixed-media pieces from talented artists around the world.",others
"Jewelry: She wore an elegant piece of jewelry that sparkled in the sunlight, enhancing her natural beauty.",others
Smartphone photography tips: capturing stunning landscapes and portraits.,others
Interested in a spacious estate car with a roomy cargo area for family vacations.,cars
The tenure agreement outlined the terms and conditions of their stay in the rental property.,property
The comfortable living space had large windows that let in plenty of natural light.,property
Considering Honda Accord for its comfort and reliability.,cars
Mexican cuisine guacamole recipes,others
Vintage pickup trucks have a rustic charm that appeals to many collectors.,cars
Interested in a vintage convertible for a touch of classic elegance.,cars
"Excursion: The school organized an educational excursion to the museum, where students learned about ancient civilizations and artifacts.",others
sushi making kit beginner,others
"Asus: Asus laptops are popular among gamers and content creators, offering powerful specifications and impressive graphics capabilities.",others
"The mechanic skillfully repaired the engine, restoring the car to its former glory.",cars
Finding suitable housing is a challenge in densely populated urban areas.,property
Exploring Subaru Legacy for its all-wheel-drive standard feature and cabin space.,cars
Choosing the right laptop for programming: powerful processors and ample RAM.,others
Looking for a used car in good condition with low mileage and a reliable service history.,cars
Looking for a crossover SUV with advanced off-road capabilities and traction control.,cars
Thinking about a Tesla Model X for its electric powertrain and distinctive Falcon Wing doors.,cars
Huawei Watch GT series: stylish smartwatches with long battery life.,others
Searching for a condominium in a vibrant community.,property
Considering a GMC Sierra for its versatility as a pickup truck and comfortable cabin.,cars
PlayStation 5 games bundle,others
noise-canceling headphones under $50,others
Exploring Nissan Titan for its bold design and capable towing.,cars
Drink: A cold glass of lemonade is the perfect drink to quench your thirst on a hot summer day.,others
Inhabited Space: The archaeologists discovered traces of inhabited space dating back to ancient civilizations.,property
classic rock music vinyl albums,others
The van was loaded with supplies for the long journey ahead.,cars
"Dell: Dell laptops are known for their durability and high-quality build, making them reliable devices for business and personal use.",others
Exploring Chevrolet Equinox for its compact SUV practicality and good fuel economy.,cars
Antique cars are a testament to the evolution of automotive engineering.,cars
board games for party,others
"The real property included houses, commercial buildings, and undeveloped land.",property
Crossovers combine the best features of SUVs and sedans.,cars
Goods: The store specialized in selling high-quality goods from local artisans.,property
"The elegant chateau stood amidst vineyards, producing exquisite wines.",property
Residence: The historic building was converted into a residence for artists and writers.,property
HTC virtual reality headset vs. Oculus Rift: VR gaming comparison.,others
"Learning to play musical instruments: piano, guitar, violin, and drums.",others
"Laptop gaming accessories: gaming keyboards, gaming mice, and gaming headsets.",others
Considering a Subaru Outback for its spacious interior and all-wheel-drive capability.,cars
Hovel: The hovel was a dilapidated structure on the outskirts of the village.,property
Hybrid cars combine traditional engines with electric power for increased efficiency.,cars
"Studio: He set up his art studio in a small, sunlit room with large windows.",property
Considering Mini Cooper for its distinctive style and compact size.,cars
Searching for a cozy home with a spacious living room.,property
Debating on a Nissan 370Z for its powerful V6 engine and classic sports car appeal.,cars
The charming quarters in the old town had a rustic charm that attracted tourists.,property
Searching for a townhouse with a contemporary design.,property
The budget-friendly hostel provided dormitory-style accommodations for backpackers.,property
Interested in a bachelor apartment with a minimalist design.,property
Digs: The archaeologists meticulously excavated the ancient burial digs.,property
vintage jewelry rings,others
Interested in Subaru WRX for its turbocharged engine and rally-inspired handling.,cars
Contemplating a Jaguar F-Type for its sleek exterior and exhilarating performance.,cars
The tenancy agreement specified the responsibilities of both the landlord and the tenant.,property
Researching Honda Fit for its compact size and spacious interior.,cars
Considering a Lexus RX for its smooth ride and upscale materials.,cars
"Thinking about a Audi Q5 for its upscale interior and smooth, quiet ride.",cars
vintage jewelry bracelets,others
Korean cuisine bulgogi sauce recipes,others
smartwatch with music storage,others
gaming computer with RTX 3070,others
Looking for a locale with a peaceful ambiance.,property
HTC virtual reality headset for immersive gaming and VR experiences.,others
Nikon DSLR camera body only,others
Lenovo Tab series: budget-friendly tablets for students and families.,others
wireless headphones noise-canceling,others
budget laptop for video editing,others
Looking for an estate with a large garden and a tennis court.,property
Considering Kia Sportage for its warranty and value for money.,cars
Sports cars are designed for speed and agility on the roads.,cars
"Collectibles fair: vintage toys, comic books, and movie memorabilia.",others
Considering a Tesla Model 3 for its electric powertrain and cutting-edge autopilot.,cars
Considering a Ford Focus for its sporty handling and variety of body styles.,cars
The domiciliary unit provided basic living facilities for the refugees.,property
Researching Hyundai Sonata for its affordability and generous features.,cars
Volvo is synonymous with safety and reliability.,cars
Car designers focus on aerodynamics to enhance the vehicle's performance.,cars
"Computer: Using a computer, she created a stunning digital artwork that showcased her creative talent and technical skills.",others
"Food: Trying new and exotic foods is one of the best parts of traveling, allowing you to savor different flavors and culinary traditions.",others
Researching Toyota Tundra for its robust V8 engine and payload capacity.,cars
He hailed a limousine for a grand entrance to the gala.,cars
Real Estate: Investing in real estate can be a lucrative financial decision.,property
"Artwork appreciation: contemporary art exhibitions, art galleries, and local artists.",others
thriller books to read,others
"Adventure: Embarking on a thrilling adventure, they explored hidden caves, hiked majestic mountains, and sailed across uncharted waters.",others
The sedan comfortably accommodated the entire family.,cars
"Crafting creative beverages: cocktails, mocktails, and artisanal coffee drinks.",others
Looking for a flat with a balcony.,property
Korean cuisine bulgogi recipes,others
Exploring classic car listings for well-maintained vintage models.,cars
Thinking about a BMW 5 Series for its executive styling and advanced technology.,cars
I need a piece of land to build my dream home.,property
antique collectibles coins,others
Exploring Volvo XC90 for its safety features and elegant Scandinavian design.,cars
Considering a Honda S2000 for its high-revving engine and legendary performance.,cars
The opulent palatial home boasted marble floors and crystal chandeliers.,property
His dream was to own a powerful vehicle that could conquer any terrain.,cars
"The auto industry constantly innovates, introducing new car models every year.",cars
"Exploring the world of rare collectibles: stamps, coins, vintage toys, and memorabilia.",others
rare comic book issues,others
"Iconic movies of all time: classic cinema, cult films, and timeless masterpieces.",others
Searching for acreage suitable for agricultural purposes.,property
"Embarking on a thrilling adventure holiday: hiking, zip-lining, and bungee jumping.",others
"Elegant jewelry pieces: diamond rings, gold necklaces, and pearl earrings.",others
smartwatch with sleep tracking,others
Their dwelling place was a serene farmhouse surrounded by acres of farmland.,property
Palace: The grand palace was a testament to the opulence of the ancient kingdom.,property
noise-canceling headphones under $100,others
Exploring Chevrolet Blazer for its bold styling and cargo space.,cars
yoga sports mat,others
"The vast estate included farmland, forests, and a grand mansion.",property
Classic car auctions attract collectors and enthusiasts from around the world.,cars
Exploring Subaru Crosstrek for its raised ground clearance and all-wheel drive.,cars
craft beer porter selection,others
"The condominium complex had a swimming pool, gym, and other amenities for residents.",property
"Condominium: The condominium complex had a pool, gym, and private balconies for each unit.",property
I am looking for an apartment with three bedrooms and two bathrooms.,property
2-in-1 laptop tablet combo,others
i am looking for an apartment with 2 bedrooms in La Marsa,property
"Realty: He worked in the realty business, helping clients find their dream homes.",property
Exploring Toyota RAV4 for its all-wheel-drive capability and safety features.,cars
Considering a Jeep Grand Cherokee for its blend of luxury and off-road capability.,cars
Interested in a dwelling with hardwood floors.,property
Interested in Ford Transit for its cargo space and commercial use.,cars
contemporary artwork for sale online,others
"Garmin: Garmin smartwatches are popular among outdoor enthusiasts, offering specialized features for activities like hiking, cycling, and swimming.",others
"Nokia: Nokia phones were once the epitome of durability, known for their robust build quality and long-lasting batteries.",others
The concept car showcased cutting-edge technology and futuristic design.,cars
Huawei MatePad Pro with M-Pencil support for digital artists and note-takers.,others
Researching Porsche 911 for its iconic status and thrilling driving experience.,cars
Considering a Jaguar F-Type for its luxurious interior and exhilarating performance.,cars
craft beer bottle opener,others
Thinking about a Ram 1500 for its spacious cabin and impressive payload capacity.,cars
Interested in Jaguar F-Type for its luxurious interior and exhilarating performance.,cars
Thinking about a Ford Fiesta for its compact size and fun-to-drive nature.,cars
Researching a Mazda MX-5 Miata RF for its retractable hardtop and sporty handling.,cars
"Sports enthusiasts gear: fitness trackers, running shoes, and sports apparel.",others
Need a family-friendly minivan with multiple seating configurations and entertainment options.,cars
Considering a Hyundai Genesis for its luxurious interior and advanced technology.,cars
"Sony: Sony products are synonymous with superior audio and visual experiences, delivering high-quality sound and stunning visuals.",others
Korean cuisine recipes kimchi,others
I need a stronghold with a defensive turret.,property
sushi and sake pairing,others
classical music vinyl records for sale,others
"Residential: The neighborhood was primarily residential, with families and retirees.",property
Interested in a villa with a private pool.,property
"Huawei MatePad: The Huawei MatePad offers a seamless multitasking experience, allowing users to switch between apps effortlessly.",others
Need a fuel-efficient hybrid car with regenerative braking technology.,cars
Interested in Volkswagen Jetta for its upscale interior and smooth ride.,cars
Dining at a rooftop restaurant with a panoramic view of the city skyline.,others
I need a hovel with basic amenities for a camping trip.,property
Considering Toyota 86 for its agile handling and affordability.,cars
Embarking on a culinary adventure: exploring exotic spices and unique ingredients.,others
Accommodation: The hotel offered comfortable accommodation with stunning views of the mountains.,property
yoga sports towel,others
Luxury SUVs pamper their occupants with opulent features.,cars
The car's tires screeched as it took a sharp turn on the race track.,cars
"Xbox: The Xbox gaming console offers high-quality graphics and online multiplayer capabilities, connecting gamers from around the world.",others
Kia is making a mark in the automobile industry with its innovative designs.,cars
Interested in a sports coupe with agile handling and responsive steering.,cars
Hut: The nomadic tribe lived in traditional huts made from woven palm leaves.,property
Researching a Mercedes-Benz E-Class for its advanced technology and elegant design.,cars
"Trying out new dessert recipes: chocolate souffle, berry tart, and caramel pudding.",others
Interested in Toyota Land Cruiser for its legendary off-road capability and reliability.,cars
"Camera: The photographer captured breathtaking landscapes with his high-quality camera, showcasing the beauty of nature through his lens.",others
The car's headlights pierced through the darkness of the night.,cars
Exploring options for a Toyota Camry due to its reputation for reliability and fuel efficiency.,cars
antique collectibles for sale,others
"Exploring world music genres: reggae, classical Indian music, and African rhythms.",others
Considering Hyundai Elantra for its affordability and features.,cars
Thinking about a GMC Canyon for its comfortable interior and variety of trims.,cars
"Cars come in various shapes, sizes, and colors, catering to diverse preferences.",cars
Mexican cuisine enchiladas recipes,others
Townhouse: The townhouse had a charming garden in the back and a cozy fireplace in the living room.,property
Lodging: Finding lodging in the remote village proved to be a challenge for the travelers.,property
"Motorola: Motorola phones are known for their near-stock Android experience and reliable performance, making them a favorite among purists.",others
Looking for a residence with a view of the city skyline.,property
Classic cars evoke a sense of nostalgia for bygone eras.,cars
Living Quarters: The submarine was equipped with compact but efficient living quarters for the crew.,property
Want a reliable hatchback with spacious seating and advanced safety features.,cars
Searching for a flat with a modern kitchen and appliances.,property
Interested in a Tesla Model S for its electric speed and autopilot capabilities.,cars
Considering a Jeep Renegade for its compact size and distinctive Jeep styling.,cars
Their newly acquired condo offers breathtaking views of the city skyline and the ocean.,property
Need a car with advanced sound system options and premium audio quality.,cars
I need a penthouse with panoramic views of the city.,property
"Galaxy: The Samsung Galaxy series includes a wide range of devices, from smartphones to tablets, catering to diverse user preferences.",others
Indian food recipes vegetarian,others
Searching for a compact crossover with elevated ground clearance for better visibility.,cars
Contemplating a Ford Shelby GT500 for its extreme horsepower and aggressive looks.,cars
Researching a Subaru Legacy for its standard all-wheel drive and spacious cabin.,cars
Hybrid vehicles are becoming increasingly popular due to their eco-friendly features.,cars
Oppo smartphones with sleek designs and high-resolution displays.,others
I need a housing option near public transportation.,property
Electric cars are revolutionizing the automotive industry with their sustainable technology.,cars
modern artwork paintings,others
Car manufacturers constantly strive to improve fuel efficiency and reduce emissions.,cars
"Samsung Galaxy Watch: The Samsung Galaxy Watch offers a range of fitness features and customizable watch faces, appealing to fitness enthusiasts and tech-savvy users.",others
Looking for a habitat surrounded by nature and greenery.,property
"Fitness: Regular exercise is essential for maintaining good health and fitness, improving both physical and mental well-being.",others
"Contemporary artwork exhibition featuring paintings, sculptures, and multimedia installations.",others
Condo: The beachfront condo offered breathtaking views of the ocean and luxurious amenities.,property
"Room: The room was adorned with vibrant colors and artwork, creating a lively atmosphere.",property
Exploring hybrid options for an eco-friendly and fuel-efficient driving experience.,cars
Pondering on a Jeep Wrangler for its off-road capabilities and rugged appeal.,cars
I need a district with easy access to shopping and dining.,property
Researching Mazda CX-5 for its stylish design and driving dynamics.,cars
Car maintenance is essential to ensure the vehicle's longevity and performance.,cars
Interested in a spacious SUV with ample cargo room for family trips.,cars
travel destination in Australia,others
Looking for a studio apartment in a lively neighborhood.,property
Huawei smartwatch vs. Garmin smartwatch: fitness and health tracking comparison.,others
The invention of motor vehicles revolutionized transportation.,cars
Samsung Galaxy Tab S7 vs. iPad Pro: tablet comparison for professionals and creatives.,others
Hyundai cars offer great value for money and come with impressive features.,cars
modern artwork posters,others
Exploring Mercedes-Benz GLC for its elegant design and advanced technology.,cars
The ancient stronghold had protected the village from invasions for centuries.,property
Pondering on a Audi TT for its distinctive design and all-wheel drive traction.,cars
Their new residence offered a peaceful retreat from the hustle and bustle of the city.,property
travel destination in Asia,others
Xiaomi budget tablets: affordable options for productivity and entertainment.,others
The concept of self-driving cars is reshaping the future of transportation.,cars
Samsung Galaxy tablet for productivity and entertainment on the go.,others
vintage jewelry necklace,others
A car's paint job can reflect the personality of its owner.,cars
board games for solo play,others
Need a car with excellent safety ratings and multiple airbags for passenger protection.,cars
Considering a Mazda MX-5 Miata for its lightweight design and agile handling.,cars
Chattels: The legal document outlined the division of chattels between the heirs.,property
board games for toddlers,others
Game: Playing a challenging game on his console was his favorite way to unwind and escape from the stresses of daily life.,others
Fine dining experience at a Michelin-starred restaurant: gourmet cuisine and wine pairing.,others
Quarters: The soldiers were assigned to their respective quarters in the military base.,property
Searching for a palace with luxurious interiors.,property
"Music: Music has the power to evoke emotions and create connections, making it a universal language that transcends cultural boundaries.",others
Craft beer tasting event featuring local breweries and unique beverages.,others
Researching Subaru Impreza for its all-wheel-drive standard feature and good fuel economy.,cars
Their new domicile was a modern apartment with state-of-the-art amenities.,property
Samsung Galaxy smartphone,others
The children argued over which bedroom would be theirs in the new house.,property
"In the city center, artists often prefer working in a studio due to its ample natural light.",property
Fitbit fitness trackers: health monitoring and activity tracking for fitness enthusiasts.,others
board games for game night,others
wireless gaming headset PS5,others
"The car's exhaust emitted a deep, rumbling sound as it accelerated.",cars
Asus ROG gaming laptops: powerful options for serious gamers and streamers.,others
Exploring Mazda MX-5 Miata RF for its retractable hardtop and sporty handling.,cars
"Restaurant: The restaurant served delectable dishes from various cuisines, offering a gastronomic adventure for food enthusiasts.",others
Considering Jeep Compass for its compact SUV practicality and Jeep heritage.,cars
I need a plot of land for building a new house.,property
The cozy guesthouse in the countryside was a popular retreat for city dwellers.,property
"Huawei Watch: Huawei Watch devices combine elegant design with advanced health tracking features, appealing to users who prioritize style and fitness.",others
"Cuisine: Exploring different cuisines allows you to experience the rich culinary heritage of various countries, tantalizing your taste buds with unique flavors.",others
Interested in a studio apartment with natural light.,property
Exploring Nissan Altima for its reliability and comfortable ride.,cars
rare vinyl records for sale,others
Xiaomi Mi Watch series: budget-friendly smartwatches with diverse features.,others
Timeshare: They invested in a timeshare for vacationing in their favorite destination every year.,property
4K action camera waterproof,others
Debating on a Mazda CX-5 for its stylish design and engaging driving dynamics.,cars
Researching a Chevrolet Malibu for its spacious cabin and smooth ride.,cars
Searching for a car with a comfortable suspension system for a smooth ride.,cars
adventure travel gadgets,others
Abode: His seaside abode offered a panoramic view of the ocean and the sunset.,property
Immoveable Property: Immoveable property refers to land and structures affixed to the land.,property
Considering Subaru BRZ for its lightweight design and rear-wheel-drive excitement.,cars
Considering a Mercedes-Benz Sprinter for its high roof options and customizable interior.,cars
Need a practical and affordable subcompact car with good reliability ratings.,cars
yoga sports bra,others
Weighing the pros of a Subaru Outback for its spacious interior and all-wheel drive.,cars
Interested in BMW X5 for its sporty handling and high-quality interior.,cars
"Despite its humble beginnings, the family turned the small shack into a comfortable home.",property
Possessions: She decided to declutter her possessions and embrace a minimalist lifestyle.,property
His stylish pad in the city was a reflection of his modern taste in design.,property
The residential area was known for its tree-lined streets and family-friendly atmosphere.,property
"She purchased a share in the co-op building, allowing her to live in the apartment.",property
"Gourmet food and wine pairing: cheese, chocolate, and fine wines.",others
"Microsoft Surface: The Microsoft Surface devices combine the flexibility of a tablet with the functionality of a laptop, catering to professionals on the go.",others
Pondering on a Honda Fit for its spacious interior and excellent fuel economy.,cars
Need a city car with compact dimensions for easy parking and maneuverability.,cars
"Estate: The sprawling estate had manicured gardens, a grand mansion, and a private lake.",property
The quaint lodgings by the beach offered a serene atmosphere for vacationers.,property
The car's elegant design was a testament to the craftsmanship of its creators.,cars
Searching for a car with advanced driver-assistance systems for added safety.,cars
PlayStation VR games bundle,others
Real estate agents specialize in buying and selling realty in different regions.,property
Searching for a residence with a garage.,property
Tenancy: The landlord and tenant agreed on the terms of the tenancy before signing the lease.,property
Sony noise-canceling headphones for an immersive music and movie experience.,others
Fine dining experience at a seaside restaurant: fresh seafood and ocean views.,others
"Exciting movie releases in 2023: action, comedy, and animated films.",others
Need a durable pickup truck for hauling and off-road adventures.,cars
Researching Honda CR-V for its reliability and spacious interior.,cars
